{"1": [[0.13494316023882705, 0.990831669688055], [-0.10125091798867558, 0.956424242494917], [-0.3234264334430214, 0.7806547403094275], [-0.3508808700954663, 0.6261087823559012], [-0.1694288957652922, 0.5485934726529296], [-0.23255893085315704, 0.029540067184671136], [-0.2460161836072376, -0.4451881903412136], [-0.25787421243748865, -0.7338090377418502], [-0.2525167792058464, -1.0013132149303068], [0.0, 0.0], [0.015021785207908155, -0.3149570967545659], [0.02015413157615688, 0.0801574050927263], [0.02105224862868754, 0.3555446986885474], [0.21551993332231933, 0.039214054440044104], [0.235510280327246, -0.22134206408612997], [0.21770380258141453, 0.13428075443889004], [0.19646536508462342, 0.35867068139210045], [0.4160712275250952, 0.12185946938439685], [0.4454441354180714, -0.11272004750137263], [0.4055789628923345, 0.13987352179963092], [0.3692311117281075, 0.305803436618748]], "2": [[0.006196004877395055, 0.9999711760052457], [-0.187155901072109, 0.8529383429925436], [-0.2885236645300409, 0.6232354643163799], [-0.18641029172558007, 0.485482130590021], [-0.04004439374305105, 0.38001770402173035], [-0.19293835663426573, -0.002516371596536813], [-0.2918946004713847, -0.42940083567502746], [-0.3639322050259342, -0.7086361641101802], [-0.4194395099971488, -0.9445013809701405], [0.0, 0.0], [0.040378117100957504, -0.4923909728879747], [0.05035159969643836, -0.8092852223231728], [0.05685913544435839, -1.0673924768848133], [0.14226193664021572, 0.13748270508873797], [0.20271914058214263, -0.05878596968372449], [0.15577668199435546, -0.007938982021587543], [0.1145141663551701, 0.049121978522893815], [0.2385281373245989, 0.34673980722242026], [0.17551547975613285, 0.4270759739830649], [0.03722934799139105, 0.6086284518204839], [-0.07068658726332729, 0.7600158733630229]], "3": [[0.06941084163333872, 0.9975665660943841], [-0.11662286731964415, 0.849565958581322], [-0.1933440278087856, 0.6121144183706925], [-0.04570081591009118, 0.45705235388104165], [0.11662307007796423, 0.3301042450769323], [-0.17273540279695063, 0.058716968239151096], [-0.2951832615500261, -0.35493564445821085], [-0.371235351977977, -0.6261983588628457], [-0.4337681033978207, -0.8631621584932002], [0.0, 0.0], [-0.025898275720594836, -0.4986368992212259], [-0.026858766948059335, -0.8192027149273022], [-0.031770122541648016, -1.0847392480150433], [0.1408663232226748, 0.0669864269427814], [0.23640315661142797, -0.25860998593620954], [0.2954299259348432, -0.5327403584152424], [0.3408072583667593, -0.7822464591111961], [0.2628406562813085, 0.23234669590288298], [0.25934859496836093, 0.1699950221928019], [0.199950009363689, 0.3403161760911091], [0.15579898395228997, 0.512713176002675]], "4": [[0.10170659655848006, 0.9947702327929862], [-0.11739829902553849, 0.856356290127414], [-0.21706733244114035, 0.6050126445456118], [-0.01775975124331146, 0.41242109765334], [0.20288388199347898, 0.31484967130854224], [-0.20726748000893216, 0.07975739227191539], [-0.32603461939385786, -0.3274149821358761], [-0.3738077466073445, -0.6089658840434256], [-0.39317520710270065, -0.8475538664810897], [0.0, 0.0], [-0.05755408182649318, -0.47887062136308195], [-0.075716568654472, -0.7903995461064263], [-0.08642248294290045, -1.0545255341443605], [0.19578988382286408, 0.05465384893315061], [0.24688863489116095, -0.3686182547893908], [0.2760497463747756, -0.6650020850159621], [0.2948567297623851, -0.9185549924468684], [0.37749267427399624, 0.20130606540978743], [0.5344263690464466, -0.04841551653713881], [0.6409349159967205, -0.22958952672779953], [0.7243780561100079, -0.39157399184344166]], "5": [[0.09952096962260741, 0.9950333393758173], [-0.1649408803586331, 0.8479045123805261], [-0.3884012626688728, 0.5580553925353022], [-0.5628776168619902, 0.3148791002332073], [-0.7357086953203921, 0.17499534516564247], [-0.1932919481619528, 0.05018661464931127], [-0.3079657534903159, -0.38507751749621333], [-0.37840646399445105, -0.6715087240036914], [-0.426387033537659, -0.912620630418824], [0.0, 0.0], [-0.0421172915254605, -0.5213741789775446], [-0.0663541748262265, -0.865210275192338], [-0.085638184067578, -1.159379616719692], [0.18868157678322806, 0.058722424134994074], [0.22242705859242226, -0.443186636992677], [0.2524135742867093, -0.7803445245394461], [0.2734610924632908, -1.0846844521919912], [0.37205446516399276, 0.2010556243086624], [0.5094108995142482, -0.1271663982299985], [0.6068823623131268, -0.3567267742703039], [0.6835559168200461, -0.5765132648896081]], "6": [[-0.09055524330320447, 0.9958711067855178], [-0.30578538232415065, 0.8230163349385556], [-0.4522786658747487, 0.4755065872169646], [-0.565875494458832, 0.19094513475047303], [-0.7113635147457691, -0.0009114022037172368], [-0.20391428122829988, -0.060259166312380305], [-0.17058771375617202, -0.30298380374285505], [-0.21418457509915598, 0.025063121639116184], [-0.25203993781158807, 0.2811157419606184], [0.0, 0.0], [0.037850008893289905, -0.13794440163425356], [-0.05361836811293533, 0.28654102141645665], [-0.1058985286654546, 0.5322735208057843], [0.17877238124271982, 0.13201442953205583], [0.2571821290198072, -0.03201980361955657], [0.1474422694916168, 0.29517368858329374], [0.06318132645368485, 0.5064057651276601], [0.3227448320523013, 0.3092601280825786], [0.4540395206008687, 0.1280703325692484], [0.5527534778248351, 0.03138385784050042], [0.6503952128014443, -0.10959534762940415]]}